Client,Background_Dice,Background_IoU,Tumor Core_Dice,Tumor Core_IoU,Edema_Dice,Edema_IoU,Enhancing Tumor_Dice,Enhancing Tumor_IoU
Hospital1,0.9859859121286368,0.9723591850665868,0.3950677276196602,0.24615850426742267,0.2692585633729675,0.15557411273269905,0.23235377828169604,0.13144812317468604
Hospital2,0.9904240607219397,0.98102977912705,0.168466522637757,0.09198113205136763,0.18237476807213593,0.1003368377972505,0.4402427637207933,0.28225082306461374
Hospital3,0.9904498259381891,0.9810803379422205,0.31476445299458156,0.18677771991808664,0.2546769024277157,0.14591963103104924,0.3471646774876529,0.21004190360595315
Hospital4,0.9901383279339437,0.9804692616051457,0.3500482707606892,0.21215667377255604,0.2257390462758915,0.12722990144266746,0.3712987028355788,0.2279722521754063
Hospital5,0.9938326999534557,0.9877410048085262,0.04528301878248487,0.023166023121301112,0.3207022050266105,0.19097399281209232,0.5454035872910865,0.37495183029866985
Hospital6,0.9954364137641755,0.9909142909451366,0.07862504937206143,0.040921242023252875,0.4193294829151659,0.2652858254663458,0.46692181518740605,0.30456490726497637
Hospital7,0.9949924957823439,0.9900348918856001,0.26132632944102013,0.15030211469010413,0.597865576680533,0.4263967610645511,0.3168210975914431,0.1882278212601677
Hospital8,0.9930880499428756,0.9862709940889425,0.11818389228423822,0.06280310376750652,0.31578947358701465,0.18749999993146932,0.330158729984043,0.19771863105341023
Hospital9,0.9933069072775156,0.9867028138548488,0.32741935470668576,0.19575699122673243,0.26182820389025535,0.15063424943165057,0.1962556486789828,0.10880458116764166
